KDK Vithanage,0
RR David,0
BR Dunk,0
EMDY Munaweera,0
Munir Dar,0
Rafatullah Mohmand,0
RI Ahmed,0
C Carter,0
R Flannigan,0
AV Lalcheta,0
NJ Maddinson,0
D Mongia,0
F Mutizwa,0
BJ Watling,0
SJ Benn,0
JS Foster,0
RM Hira,0
RJ Campbell,0
PA Patel,0
Aaqib Sulehri,0
STR Binny,0
BCJ Cutting,0
VV Morea,0
D Murphy,0
MP O'Dowd,0
Shuvagata Hom,0
Arafat Sunny,0
Hammad Azam,0
JD Nel,0
OL Pitcher,0
T van der Gugten,0
GO Jones,0
MF Maharoof,0
RJMGM Rupasinghe,0
WPUJC Vaas,0
WD Balaji Rao,0
SE Findlay,0
TG Gordon,0
GA Lamb,0
AR McBrine,0
SNJ O'Keefe,0
J Theron,0
JC Tredwell,0
B Bhandari,0
TR Birt,0
R Dravid,0
Jahurul Islam,0
PA Nixon,0
H Osinde,0
WW Hinds,0
Ehsan Khan,0
WB Rankin,0
Abdul Shakoor,0
S Badree,0
TE Kane,0
A Nehra,0
PJ Ongondo,0
AU Rashid,0
NE Bonner,0
Mohammad Iqbal,0
Nadeem Ahmed,0
Nadif Chowdhury,0
MP Vaughan,0
Zulfiqar Babar,0
D Ganga,0
Hamza Tariq,0
TJ Murtagh,0
Shapoor Zadran,0
RA Bhatti,0
PJ Cummins,0
AM Ellis,0
CRD Fernando,0
G Goudie,0
RK Kleinveldt,0
PM Nevill,0
N Pooran,0
Raza-ur-Rehman,0
Shahriar Nafees,0
Waqas Khan,0
MRJ Watt,0
Amjad Gul,0
JW Dernbach,0
JN Gillespie,0
Rameez Raja,0
CP Schofield,0
C Zhuwao,0
KJ Abbott,0
AB Barath,0
Bilawal Bhatti,0
T Panyangara,0
JNT Vare,0
Zulqarnain Haider,0
Abdur Rehman,0
Ahmed Raza,0
AB Dinda,0
PJ Ingram,0
WP Masakadza,0
DP Nannes,0
E Otieno,0
TD Paine,0
B Regmi,0
FL Reifer,0
L Siaka,0
Umair Ali,0
Anas Khan,0
SE Bond,0
MR Gillespie,0
Kamran Shazad,0
AF Milne,0
Mohammad Sami,0
Rony Talukdar,0
Shoaib Akhtar,0
SJS Smith,0
RL Bhudia,0
JL Denly,0
DL Hemp,0
MJ North,0
S Sreesanth,0
Fahad Tariq,0
HGJM Kulatunga,0
CJ McKay,0
Muktar Ali,0
RLB Rambukwella,0
SV Samson,0
RW Chakabva,0
DT Christian,0
LHD Dilhara,0
XJ Doherty,0
Khurram Chohan,0
SW Masakadza,0
CT Mutombodzi,0
Nauman Anwar,0
Naved-ul-Hasan,0
Raza Hasan,0
Shafiul Islam,0
S Thuraisingam,0
JW Wilson,0
TL Best,0
TS Chisoro,0
Imran Tahir,0
LN Onyango,0
Taskin Ahmed,0
PVD Chameera,0
CJ Ferguson,0
Mehrab Hossain jnr,0
M Morkel,0
BJ Rohrer,0
EHSN Silva,0
AB Agarkar,0
NW Bracken,0
BE Hendricks,0
E Katchay,0
B Kumar,0
Mosaddek Hossain,0
LA Pomersbach,0
RW Price,0
Shabir Noori,0
J Smits,0
DW Steyn,0
AO Suji,0
DT Tiripano,0
MK Tiwary,0
JDF Vandersay,0
VB van Jaarsveld,0
Abu Hider,0
Ahsan Malik,0
SG Borthwick,0
ST Finn,0
MC Henriques,0
MJ McClenaghan,0
JAH Marshall,0
Najeeb Tarakai,0
GH O'Brien,0
AN Petersen,0
VD Philander,0
Saqlain Haider,0
VS Wategaonkar,0
CM Wright,0
AR Adams,0
Amir Hamza,0
C de Grandhomme,0
J Edness,0
CR Foggo,0
SP Gauchan,0
PA Hitchcock,0
SHT Kandamby,0
SKW Kelly,0
Z Khan,0
Mohammad Nadeem,0
Mohammad Rafique,0
CB Mpofu,0
CMW Read,0
Sufyan Mehmood,0
Usman Mushtaq,0
J Anderson,0
HMCM Bandara,0
TA Boult,0
HJH Marshall,0
NV Ojha,0
KOA Powell,0
R Rampaul,0
MA Starc,0
Fayyaz Ahmed,0
AJ Hall,0
Inzamam-ul-Haq,0
Khurram Manzoor,0
KS Lokuarachchi,0
WK McCallan,0
AK Mandal,0
AA Mulla,0
V Shetty,0
CA Soper,0
SW Tait,0
RM West,0
Yasir Shah,0
CS Baugh,0
FH Edwards,0
MJ Henry,0
S Jyoti,0
RWT Key,0
HG Kuhn,0
M Ntini,0
PP Ojha,0
BA Parchment,0
N Pokana,0
P Raho,0
ACL Richards,0
MP Stoinis,0
ZE Surkari,0
SR Tendulkar,0
RJ Trott,0
Abul Hasan,0
Afsar Zazai,0
AC Agar,0
JJ Celestine,0
FRJ Coleman,0
Elias Sunny,0
KM Jarvis,0
R McLaren,0
Mohammad Asif,0
AR Nurse,0
JS Patel,0
WKD Perkins,0
JB Reva,0
KW Richardson,0
IH Romaine,0
Sikander Zulfiqar,0
TP Visee,0
CAK Walton,0
AM Blignaut,0
GH Bodi,0
TL Chatara,0
AS Dean,0
B Fernando,0
HMRKB Herath,0
S Randiv,0
BAW Mendis,0
Mustafizur Rahman,0
SS Pathirana,0
Rubel Hossain,0
Shahadat Hossain,0
I Sharma,0
BV Vitori,0
Al-Amin Hossain,0
RP Arnold,0
NB Budayair,0
MA Carberry,0
P Kumar,0
ND McKenzie,0
HM Nicholls,0
Qadeer Ahmed,0
GA Rogers,0
E Schiferli,0
JN Snape,0
Syed Rasel,0
LV van Beek,0
A Zampa,0
D Bishoo,0
DG Brownlie,0
RMS Eranga,0
NM Hauritz,0
PJ Hughes,0
Javed Ahmadi,0
KO Meth,0
AM Phangiso,0
JA Rudolph,0
R Strydom,0
SA Abbott,0
M Ansari,0
MS Atapattu,0
IG Butler,0
N Dickwella,0
Karan KC,0
GD McGrath,0
CS Martin,0
Mohammad Salman,0
T Mupariwa,0
N M'shangwe,0
JL Pattinson,0
LE Plunkett,0
GH Bodi,0
TL Chatara,0
AS Dean,0
B Fernando,0
HMRKB Herath,0
S Randiv,0
BAW Mendis,0
Mustafizur Rahman,0
SS Pathirana,0
Rubel Hossain,0
Shahadat Hossain,0
I Sharma,0
BV Vitori,0
Al-Amin Hossain,0
RP Arnold,0
NB Budayair,0
MA Carberry,0
P Kumar,0
ND McKenzie,0
HM Nicholls,0
Qadeer Ahmed,0
GA Rogers,0
E Schiferli,0
JN Snape,0
Syed Rasel,1
LV van Beek,1
A Zampa,1
D Bishoo,1
DG Brownlie,1
RMS Eranga,1
NM Hauritz,1
PJ Hughes,1
Javed Ahmadi,1
KO Meth,1
AM Phangiso,1
JA Rudolph,1
R Strydom,1
SA Abbott,1
M Ansari,1
MS Atapattu,1
IG Butler,1
N Dickwella,1
Karan KC,1
GD McGrath,1
CS Martin,1
Mohammad Salman,1
T Mupariwa,1
N M'shangwe,1
JL Pattinson,1
LE Plunkett,1
RJ Harris,1
BW Hilfenhaus,1
H Hiri,1
JO Holder,1
AJ Ireland,1
A Khan,1
RJ Kirtley,1
RAS Lakmal,1
MJ Mason,1
Najeeb Amar,1
L Nou,1
Shahid Wasif,1
JNK Shannon,1
LL Tsotsobe,1
I Udana,1
Usman Khan,1
R Vinay Kumar,1
UWMBCA Welegedara,1
BTJ Wheal,1
CA Young,1
Zaheer Maqsood,1
Aftab Alam,1
JM Anderson,1
TD Astle,1
DE Bernard,1
Bilal Khan,1
DE Bollinger,1
DR Brown,1
CD de Lange,1
R Dhawan,1
Dhiman Ghosh,1
HH Dippenaar,1
AC Evans,1
Hashmatullah Shahidi,1
JS Jesani,1
MBS Jonkman,1
GE Kidd,1
VJ Kingma,1
DS Kulkarni,1
J Lewis,1
J Louw,1
SI Mahmood,1
RD McCann,1
J Mulder,1
M Muralitharan,1
M Nasim Baras,1
ML Nkala,1
MS Panesar,1
SD Parry,2
MDK Perera,2
DBL Powell,2
EC Rainsford,2
Sandeep Sharma,2
Sayed Shirzad,2
PM Siddle,2
Suhrawadi Shuvo,2
EP Thompson,2
RJW Topley,2
TE Tucker,2
I Wardlaw,2
G Wijekoon,2
Yamin Ahmadzai,2
Aizaz Cheema,2
MS Aulakh,2
CT Bancroft,2
IDR Bradshaw,2
DR Briggs,2
JJ Bumrah,2
AF Buurman,2
PP Chawla,2
DO Christian,2
SS Cottrell,2
A Dananjaya,2
N Pradeep,2
SM Harwood,2
T Henderson,2
KC Hodsoll,2
Iftikhar Ahmed,2
Imran Khan,2
Izatullah Dawlatzai,2
S Keshvani,2
RN Lewis,2
J Little,2
AJ McKay,2
GI Maiden,2
A Mehmood,2
Mohammad Kashif,2
Mohammad Qazi,2
HJC Mol,2
JK Mukhiya,2
T Muzarabani,2
A Nel,2
AA Noffke,2
MM Patel,2
PDRL Perera,2
DM Richards,2
K Santokie,2
A Shahzad,2
Shakeel Ansar,2
MS Sinclair,2
IS Sodhi,2
Tanveer Ahmed,2
M Zondeki,2
Aamer Yamin,2
YA Abdulla,2
Abdur Rauf,2
GW Aldridge,2
TR Ambrose,2
S Aravind,2
Arsalan Qadir,2
Asad Ali,2
P Awana,2
LS Baker,2
L Balaji,2
TC Bastiampillai,2
MD Bates,2
N Boje,2
SM Boland,2
CG Burnett,2
DK Butler,2
YS Chahal,2
SR Clark,2
D Daesrath,2
LA Dawson,2
M de Lange,2
SI de Saram,2
BJ Diamanti,2
PS Eaglestone,2
Ehsan Nawaz,2
ST Gabriel,2
WT Gavera,2
B Geeves,2
DM Gondaria,2
D Gough,2
HF Gurney,2
SJ Harmison,2
Hasan Ali,2
JR Hazlewood,2
Iftikhar Anjum,2
Joginder Sharma,2
Jubair Hossain,2
TP Kamungozi,2
M Kartik,2
B Laughlin,2
E Leie,2
RDM Leverock,2
ML Lewis,2
NM Lyon,2
GT Main,2
Mansoor Amjad,2
BB McCullum,2
TM Dilshan,2
MJ Guptill,2
Umar Akmal,2
DA Warner,2
V Kohli,2
JP Duminy,2
Mohammad Hafeez,2
Shoaib Malik,2
CH Gayle,2
DPMD Jayawardene,2
SR Watson,2
EJG Morgan,2
H Masakadza,2
Shahid Afridi,2
KC Sangakkara,2
AB de Villiers,2
Mohammad Shahzad,2
RG Sharma,2
AD Hales,2
LRPL Taylor,2
SK Raina,2
MN Samuels,2
KP Pietersen,2
Tamim Iqbal,2
DJ Bravo,2
Yuvraj Singh,2
MS Dhoni,2
Shakib Al Hasan,2
F du Plessis,2
Ahmed Shehzad,2
HM Amla,2
AD Mathews,2
CL White,2
GC Smith,2
AJ Finch,2
KS Williamson,2
G Gambhir,2
JC Buttler,2
Kamran Akmal,2
WTS Porterfield,2
LMP Simmons,2
GJ Maxwell,2
E Chigumbura,2
DA Miller,2
Misbah-ul-Haq,2
LJ Wright,2
DJ Hussey,2
PR Stirling,2
KJ Coetzer,2
GJ McCarter,2
SC Meaker,2
TS Mills,2
A Mishra,2
Mohammad Nawaz,2
Mohammad Shahid,2
Mohammed Shami,2
GMC Mol,2
Nasir Aziz,2
P Negi,2
IE O'Brien,3
LN Oluoch,3
MA Parker,3
KTGD Prasad,3
M Pushpakumara,3
Robiul Islam,3
Rokhan Barakzai,3
Rumman Raees,3
Sajedul Islam,3
Saqlain Sajib,3
JD Schoonheim,3
Shabbir Ahmed,3
Sharafuddin Ashraf,3
Sharif Asadullah,3
KV Sharma,3
R Sharma,3
Sohail Khan,3
BB Sran,3
Tanvir Ahmed,3
AC Thomas,3
DC Thomas,3
GC Tonge,3
CT Tremlett,3
S Tyagi,3
JD Unadkat,3
MB van Schelven,3
DJ Vilas,3
SR Welsh,3
KOK Williams,3
MA Wood,3
LJ Woodcock,3
UT Yadav,3
Zamir Khan,3
Q de Kock,3
KA Pollard,3
J Charles,3
MEK Hussey,3
RS Bopara,3
Mushfiqur Rahim,3
Asghar Stanikzai,3
LD Chandimal,3
Mahmudullah,3
GC Wilson,3
JH Kallis,3
Samiullah Shenwari,3
SJ Myburgh,3
MDKJ Perera,3
ST Jayasuriya,3
NLTC Perera,3
Mohammad Nabi,3
MR Swart,3
PW Borren,3
CK Kapugedera,3
Sabbir Rahman,3
CJ Chibhabha,3
JE Root,3
W Barresi,3
KJ O'Brien,3
Salman Butt,3
BRM Taylor,3
RD Berrington,3
PD Collingwood,3
DR Smith,3
SB Styris,3
ADS Fletcher,3
JA Morkel,3
MN Waller,3
MJ Lumb,3
DJG Sammy,3
C Kieswetter,3
Babar Hayat,3
V Sibanda,3
CO Obuya,3
Karim Sadiq,3
SC Williams,3
Imran Nazir,3
C Munro,3
MJ Clarke,3
Najibullah Zadran,3
JDP Oram,3
GJ Bailey,3
NJ O'Brien,3
Noor Ali Zadran,3
JEC Franklin,3
JD Ryder,3
Nawroz Mangal,3
Mohammad Ashraful,3
Younis Khan,3
SPD Smith,3
D Ramdin,3
PL Mommsen,3
S Dhawan,3
MW Machan,3
EC Joyce,3
TLW Cooper,3
BJ Haddin,3
RT Ponting,3
HH Gibbs,3
Gulbadin Naib,3
V Sehwag,3
Abdul Razzaq,3
MS Chapman,3
Shaiman Anwar,3
AM Rahane,3
CS MacLeod,3
Nasir Hossain,3
Mashrafe Mortaza,3
BN Cooper,3
Nasir Jamshed,3
Shafiqullah,3
Sharjeel Khan,3
L Ronchi,3
Anamul Haque,3
OA Shah,3
RR Patel,3
AD Russell,3
SO Tikolo,3
S Chanderpaul,3
Sikandar Raza,3
Sarfraz Ahmed,3
A Symonds,3
RJ Nicol,3
RR Rossouw,3
AA Obanda,3
LE Bosman,3
CJ Anderson,3
ML Hayden,3
JJ Roy,3
MH Cross,3
NL McCullum,3
Soumya Sarkar,3
RR Sarwan,3
Nizakat Khan,3
HDRL Thirimanne,3
AN Kervezee,3
A Bagai,3
AC Gilchrist,3
Zeeshan Maqsood,3
MV Boucher,3
T Taibu,3
Adnan Ilyas,3
SE Marsh,3
Mohammad Shahzad,3
DT Johnston,3
RV Uthappa,3
Muhammad Usman,3
UT Khawaja,3
Anshuman Rath,3
Rohan Mustafa,3
MS Wade,3
J Mubarak,3
Rizwan Cheema,3
Khalid Latif,3
P Khadka,3
RE Levi,3
YK Pathan,3
DM Bravo,3
ES Szwarczynski,3
F Behardien,3
JF Mooney,3
AR Cusack,3
CR Ervine,3
Aftab Ahmed,3
T Mishra,3
TAM Siriwardana,3
MN van Wyk,3
Sohaib Maqsood,3
H Patel,3
AD Poynter,3
Tanwir Afzal,3
TT Bresnan,3
DO Obuya,3
Usman Ghani,3
RN ten Doeschate,3
RG Aga,3
Amjad Javed,3
CA Ingram,3
DL Vettori,3
JM Kemp,3
DS Smith,3
JJ Atkinson,3
R Gunasekera,3
J Botha,3
Jatinder Singh,3
MM Ali,3
S Vesawkar,3
BMAJ Mendis,3
JM Bairstow,3
Fawad Alam,3
KMDN Kulasekara,3
Asad Shafiq,3
Mukhtar Ahmed,3
HG Munsey,3
Sohail Tanvir,3
SR Patel,3
IR Bell,3
CD McMillan,3
SP Patil,3
BJ Hodge,3
KL Rahul,3
Nazimuddin,3
LPC Silva,3
NN Odhiambo,3
L Vincent,3
R Mutumbami,3
IK Pathan,3
M Vijay,3
Khawar Ali,3
ME Trescothick,3
Umar Gul,3
TN de Grooth,3
G Malla,3
JM Vince,3
Aamir Kaleem,3
H Davids,3
Junaid Siddique,3
RR Watson,3
JL Ontong,3
Mudassar Bukhari,3
GD Elliott,3
DSNFG Jayasuriya,3
Aizaz Khan,3
HD Rutherford,3
BA Stokes,3
JP Faulkner,3
AC Voges,3
IJL Trott,3
KD Mills,3
DF Watts,3
AR White,3
MR Marsh,3
GEF Barnett,3
WU Tharanga,3
AC Botha,3
Naeem Islam,3
CJ Jordan,3
Mirwais Ashraf,3
CK Coventry,3
PG Fulton,3
MA Ouma,3
MJ Prior,3
SP Narine,3
AJ Redmond,4
RE van der Merwe,4
TWM Latham,4
RJ Peterson,4
AD Mascarenhas,4
RR Hendricks,4
DR Martyn,4
PJ Moor,4
DM de Silva,4
SCJ Broad,4
Ziaur Rahman,4
Babar Azam,4
Shahzaib Hasan,4
A Vala,4
DL Maddy,4
R Ashwin,4
SP Khakurel,4
MD Shanaka,4
AP Devcich,4
E Lewis,4
SP Fleming,4
Anwar Ali,4
MG Johnson,4
Harbhajan Singh,4
B Zuiderent,4
Mohammad Rizwan,4
JR Hopes,4
WD Parnell,4
GP Swann,4
RA Jadeja,4
SM Davies,4
MA Leask,4
JDS Neesham,4
B Lee,4
Wahab Riaz,4
S Dhaniram,4
KD Karthik,4
SW Billings,4
CR Brathwaite,4
Amir Ali,4
NR Kumar,4
Muhammad Kaleem,4
AM Samad,4
XM Marshall,4
RS Morton,4
MJG Rippon,4
MH Yardy,4
TM Odoyo,4
NS Poonia,4
JH Stander,4
P Utseya,4
Mohammad Naveed,4
MC Sorensen,4
D Wiese,4
Yasir Arafat,4
MD Gunathilaka,4
KM Jadhav,4
Raees Ahmadzai,4
Saeed Ajmal,4
CR Woakes,4
CJA Amini,4
GM Hamilton,4
Sagar Pun,4
DLS van Bunge,4
GH Worker,4
Mandeep Singh,4
DI Allan,4
GJ Hopkins,4
Imad Wasim,4
T Maruma,4
SM Pollock,4
Shamsur Rahman,4
Sultan Ahmed,4
Mohammad Mithun,4
Sompal Kami,4
RML Taylor,4
A Balbirnie,4
JE Taylor,4
JK Kamande,4
N Vanua,4
AS Hansra,4
TM Head,4
SW Poynter,4
Faizan Asif,4
Waqas Barkat,4
CD Barnwell,4
HH Pandya,4
DAJ Bracewell,4
KD Shah,4
ML Udawatte,4
A Flintoff,4
Imran Farhat,4
Irfan Ahmed,4
NFI McCallum,4
S Matsikenyeri,4
VS Solanki,4
Umar Amin,4
TG Southee,4
NJ Astle,4
KO Otieno,4
Khurram Khan,4
AJ Strauss,4
DJ Willey,4
Farhad Reza,4
SL Malinga,4
Awais Zia,4
SM Katich,4
Mehran Khan,4
SR Thompson,4
TM Dowlin,4
NT Broom,4
Imrul Kayes,4
MK Pandey,4
AG Cremer,4
CA Lynn,4
Shoaib Khan jnr,4
RM Haq,4
DP Hyatt,4
DJ Reekers,4
CD Wallace,4
AR Patel,4
AN Cook,4
PD McGlashan,4
PM Seelaar,4
JWM Dalrymple,4
LM Jongwe,4
N Madziva,4
Mominul Haque,4
P Mustard,4
Zeeshan Siddiqui,4
PS Airee,4
Dawlat Zadran,4
DR Flynn,4
CJO Smith,4
Alok Kapali,4
Sohag Gazi,4
JM How,4
SMSM Senanayake,4
N Deonarine,4
GB Hogg,4
SO Ngoche,4
HS Baidwan,4
GD Drummond,4
Nurul Hasan,4
Usman Limbada,4
RP Magar,4
S Prasanna,4
IS Billcliff,4
NM Coulter-Nile,4
TGJ Gruijters,4
Raqibul Hasan,4
HA Varaiya,4
Hamid Hassan,4
Mohammad Yousuf,4
U Bhatti,4
CU Jayasinghe,4
Liton Das,4
SD Outerbridge,4
DA Rankin,4
Rashid Khan,4
K Weeraratne,4
BKG Mendis,4
S Bau,4
Junaid Siddiqui,4
IA Karim,4
KM Dabengwa,4
JW Hastings,4
MM Iqbal,4
NM Odhiambo,4
JJ van der Wath,4
MD Dai,4
JH Davey,4
Haris Sohail,4
Haseeb Amjad,4
JM Davison,4
CH Morris,4
Saad Nasim,4
GJ Thompson,4
S Badrinath,4
NO Miller,4
SM Sharif,4
TP Ura,4
Amjad Ali,4
NG Jones,4
AT Rayudu,4
Abdur Razzak,4
K Jethi,4
Mohammad Amir,4
K Pala,4
GH Dockrell,4
MJ Santner,4
